{
  "0": {
    "winner": "Kolkata Knight Riders",
    "player_of_match": "BB McCullum",
    "city": "Bangalore",
    "team1": "Kolkata Knight Riders",
    "team2": "Royal Challengers Bangalore"
  },
  "10": {
    "winner": "Rajasthan Royals",
    "player_of_match": "SR Watson",
    "city": "Bangalore",
    "team1": "Royal Challengers Bangalore",
    "team2": "Rajasthan Royals"
  },
  "14": {
    "winner": "Chennai Super Kings",
    "player_of_match": "MS Dhoni",
    "city": "Bangalore",
    "team1": "Chennai Super Kings",
    "team2": "Royal Challengers Bangalore"
  },
  "24": {
    "winner": "Kings XI Punjab",
    "player_of_match": "S Sreesanth",
    "city": "Bangalore",
    "team1": "Royal Challengers Bangalore",
    "team2": "Kings XI Punjab"
  },
  "30": {
    "winner": "Mumbai Indians",
    "player_of_match": "CRD Fernando",
    "city": "Bangalore",
    "team1": "Royal Challengers Bangalore",
    "team2": "Mumbai Indians"
  },
  "44": {
    "winner": "Delhi Daredevils",
    "player_of_match": "SP Goswami",
    "city": "Bangalore",
    "team1": "Royal Challengers Bangalore",
    "team2": "Delhi Daredevils"
  },
  "51": {
    "winner": "Royal Challengers Bangalore",
    "player_of_match": "P Kumar",
    "city": "Bangalore",
    "team1": "Royal Challengers Bangalore",
    "team2": "Deccan Chargers"
  },
  "121": {
    "winner": "Royal Challengers Bangalore",
    "player_of_match": "JH Kallis",
    "city": "Bangalore",
    "team1": "Kings XI Punjab",
    "team2": "Royal Challengers Bangalore"
  },
  "124": {
    "winner": "Royal Challengers Bangalore",
    "player_of_match": "JH Kallis",
    "city": "Bangalore",
    "team1": "Rajasthan Royals",
    "team2": "Royal Challengers Bangalore"
  },
  "132": {
    "winner": "Royal Challengers Bangalore",
    "player_of_match": "RV Uthappa",
    "city": "Bangalore",
    "team1": "Royal Challengers Bangalore",
    "team2": "Chennai Super Kings"
  },
  "137": {
    "winner": "Delhi Daredevils",
    "player_of_match": "KM Jadhav",
    "city": "Bangalore",
    "team1": "Delhi Daredevils",
    "team2": "Royal Challengers Bangalore"
  },
  "154": {
    "winner": "Deccan Chargers",
    "player_of_match": "TL Suman",
    "city": "Bangalore",
    "team1": "Royal Challengers Bangalore",
    "team2": "Deccan Chargers"
  },
  "157": {
    "winner": "Royal Challengers Bangalore",
    "player_of_match": "R Vinay Kumar",
    "city": "Bangalore",
    "team1": "Kolkata Knight Riders",
    "team2": "Royal Challengers Bangalore"
  },
  "166": {
    "winner": "Mumbai Indians",
    "player_of_match": "R McLaren",
    "city": "Bangalore",
    "team1": "Mumbai Indians",
    "team2": "Royal Challengers Bangalore"
  },
  "182": {
    "winner": "Mumbai Indians",
    "player_of_match": "SR Tendulkar",
    "city": "Bangalore",
    "team1": "Royal Challengers Bangalore",
    "team2": "Mumbai Indians"
  },
  "208": {
    "winner": "Royal Challengers Bangalore",
    "player_of_match": "V Kohli",
    "city": "Bangalore",
    "team1": "Royal Challengers Bangalore",
    "team2": "Pune Warriors"
  },
  "220": {
    "winner": "Royal Challengers Bangalore",
    "player_of_match": "CH Gayle",
    "city": "Bangalore",
    "team1": "Royal Challengers Bangalore",
    "team2": "Kings XI Punjab"
  },
  "223": {
    "winner": "Royal Challengers Bangalore",
    "player_of_match": "CH Gayle",
    "city": "Bangalore",
    "team1": "Kochi Tuskers Kerala",
    "team2": "Royal Challengers Bangalore"
  },
  "231": {
    "winner": "Royal Challengers Bangalore",
    "player_of_match": "CH Gayle",
    "city": "Bangalore",
    "team1": "Kolkata Knight Riders",
    "team2": "Royal Challengers Bangalore"
  },
  "242": {
    "winner": "Royal Challengers Bangalore",
    "player_of_match": "CH Gayle",
    "city": "Bangalore",
    "team1": "Chennai Super Kings",
    "team2": "Royal Challengers Bangalore"
  },
  "252": {
    "winner": "Royal Challengers Bangalore",
    "player_of_match": "AB de Villiers",
    "city": "Bangalore",
    "team1": "Royal Challengers Bangalore",
    "team2": "Delhi Daredevils"
  },
  "257": {
    "winner": "Kolkata Knight Riders",
    "player_of_match": "L Balaji",
    "city": "Bangalore",
    "team1": "Kolkata Knight Riders",
    "team2": "Royal Challengers Bangalore"
  },
  "266": {
    "winner": "Rajasthan Royals",
    "player_of_match": "AM Rahane",
    "city": "Bangalore",
    "team1": "Rajasthan Royals",
    "team2": "Royal Challengers Bangalore"
  },
  "269": {
    "winner": "Royal Challengers Bangalore",
    "player_of_match": "CH Gayle",
    "city": "Bangalore",
    "team1": "Pune Warriors",
    "team2": "Royal Challengers Bangalore"
  },
  "290": {
    "winner": "Kings XI Punjab",
    "player_of_match": "Azhar Mahmood",
    "city": "Bangalore",
    "team1": "Royal Challengers Bangalore",
    "team2": "Kings XI Punjab"
  },
  "296": {
    "winner": "Royal Challengers Bangalore",
    "player_of_match": "AB de Villiers",
    "city": "Bangalore",
    "team1": "Deccan Chargers",
    "team2": "Royal Challengers Bangalore"
  },
  "307": {
    "winner": "Mumbai Indians",
    "player_of_match": "AT Rayudu",
    "city": "Bangalore",
    "team1": "Royal Challengers Bangalore",
    "team2": "Mumbai Indians"
  },
  "319": {
    "winner": "Chennai Super Kings",
    "player_of_match": "MS Dhoni",
    "city": "Bangalore",
    "team1": "Chennai Super Kings",
    "team2": "Mumbai Indians"
  },
  "323": {
    "winner": "Royal Challengers Bangalore",
    "player_of_match": "CH Gayle",
    "city": "Bangalore",
    "team1": "Royal Challengers Bangalore",
    "team2": "Mumbai Indians"
  },
  "332": {
    "winner": "Royal Challengers Bangalore",
    "player_of_match": "CH Gayle",
    "city": "Bangalore",
    "team1": "Kolkata Knight Riders",
    "team2": "Royal Challengers Bangalore"
  },
  "341": {
    "winner": "Royal Challengers Bangalore",
    "player_of_match": "V Kohli",
    "city": "Bangalore",
    "team1": "Delhi Daredevils",
    "team2": "Royal Challengers Bangalore"
  },
  "347": {
    "winner": "Royal Challengers Bangalore",
    "player_of_match": "R Vinay Kumar",
    "city": "Bangalore",
    "team1": "Rajasthan Royals",
    "team2": "Royal Challengers Bangalore"
  },
  "351": {
    "winner": "Royal Challengers Bangalore",
    "player_of_match": "CH Gayle",
    "city": "Bangalore",
    "team1": "Royal Challengers Bangalore",
    "team2": "Pune Warriors"
  },
  "369": {
    "winner": "Kings XI Punjab",
    "player_of_match": "AC Gilchrist",
    "city": "Bangalore",
    "team1": "Royal Challengers Bangalore",
    "team2": "Kings XI Punjab"
  },
  "372": {
    "winner": "Royal Challengers Bangalore",
    "player_of_match": "V Kohli",
    "city": "Bangalore",
    "team1": "Sunrisers Hyderabad",
    "team2": "Royal Challengers Bangalore"
  },
  "392": {
    "winner": "Royal Challengers Bangalore",
    "player_of_match": "V Kohli",
    "city": "Bangalore",
    "team1": "Royal Challengers Bangalore",
    "team2": "Chennai Super Kings"
  },
  "421": {
    "winner": "Royal Challengers Bangalore",
    "player_of_match": "AB de Villiers",
    "city": "Bangalore",
    "team1": "Sunrisers Hyderabad",
    "team2": "Royal Challengers Bangalore"
  },
  "428": {
    "winner": "Kings XI Punjab",
    "player_of_match": "Sandeep Sharma",
    "city": "Bangalore",
    "team1": "Kings XI Punjab",
    "team2": "Royal Challengers Bangalore"
  },
  "432": {
    "winner": "Rajasthan Royals",
    "player_of_match": "JP Faulkner",
    "city": "Bangalore",
    "team1": "Royal Challengers Bangalore",
    "team2": "Rajasthan Royals"
  },
  "435": {
    "winner": "Royal Challengers Bangalore",
    "player_of_match": "Yuvraj Singh",
    "city": "Bangalore",
    "team1": "Royal Challengers Bangalore",
    "team2": "Delhi Daredevils"
  },
  "450": {
    "winner": "Chennai Super Kings",
    "player_of_match": "MS Dhoni",
    "city": "Bangalore",
    "team1": "Royal Challengers Bangalore",
    "team2": "Chennai Super Kings"
  },
  "457": {
    "winner": "Kolkata Knight Riders",
    "player_of_match": "MK Pandey",
    "city": "Bangalore",
    "team1": "Kings XI Punjab",
    "team2": "Kolkata Knight Riders"
  },
  "465": {
    "winner": "Sunrisers Hyderabad",
    "player_of_match": "DA Warner",
    "city": "Bangalore",
    "team1": "Royal Challengers Bangalore",
    "team2": "Sunrisers Hyderabad"
  },
  "474": {
    "winner": "Mumbai Indians",
    "player_of_match": "Harbhajan Singh",
    "city": "Bangalore",
    "team1": "Mumbai Indians",
    "team2": "Royal Challengers Bangalore"
  },
  "478": {
    "winner": "Chennai Super Kings",
    "player_of_match": "SK Raina",
    "city": "Bangalore",
    "team1": "Chennai Super Kings",
    "team2": "Royal Challengers Bangalore"
  },
  "486": {
    "winner": "",
    "player_of_match": "",
    "city": "Bangalore",
    "team1": "Royal Challengers Bangalore",
    "team2": "Rajasthan Royals"
  },
  "490": {
    "winner": "Royal Challengers Bangalore",
    "player_of_match": "Mandeep Singh",
    "city": "Bangalore",
    "team1": "Kolkata Knight Riders",
    "team2": "Royal Challengers Bangalore"
  },
  "497": {
    "winner": "Royal Challengers Bangalore",
    "player_of_match": "CH Gayle",
    "city": "Bangalore",
    "team1": "Royal Challengers Bangalore",
    "team2": "Kings XI Punjab"
  },
  "511": {
    "winner": "",
    "player_of_match": "",
    "city": "Bangalore",
    "team1": "Delhi Daredevils",
    "team2": "Royal Challengers Bangalore"
  },
  "520": {
    "winner": "Royal Challengers Bangalore",
    "player_of_match": "AB de Villiers",
    "city": "Bangalore",
    "team1": "Royal Challengers Bangalore",
    "team2": "Sunrisers Hyderabad"
  },
  "527": {
    "winner": "Delhi Daredevils",
    "player_of_match": "Q de Kock",
    "city": "Bangalore",
    "team1": "Royal Challengers Bangalore",
    "team2": "Delhi Daredevils"
  },
  "546": {
    "winner": "Kolkata Knight Riders",
    "player_of_match": "AD Russell",
    "city": "Bangalore",
    "team1": "Royal Challengers Bangalore",
    "team2": "Kolkata Knight Riders"
  },
  "551": {
    "winner": "Royal Challengers Bangalore",
    "player_of_match": "V Kohli",
    "city": "Bangalore",
    "team1": "Rising Pune Supergiants",
    "team2": "Royal Challengers Bangalore"
  },
  "557": {
    "winner": "Mumbai Indians",
    "player_of_match": "KH Pandya",
    "city": "Bangalore",
    "team1": "Royal Challengers Bangalore",
    "team2": "Mumbai Indians"
  },
  "560": {
    "winner": "Royal Challengers Bangalore",
    "player_of_match": "AB de Villiers",
    "city": "Bangalore",
    "team1": "Royal Challengers Bangalore",
    "team2": "Gujarat Lions"
  },
  "566": {
    "winner": "Royal Challengers Bangalore",
    "player_of_match": "V Kohli",
    "city": "Bangalore",
    "team1": "Royal Challengers Bangalore",
    "team2": "Kings XI Punjab"
  },
  "573": {
    "winner": "Royal Challengers Bangalore",
    "player_of_match": "AB de Villiers",
    "city": "Bangalore",
    "team1": "Gujarat Lions",
    "team2": "Royal Challengers Bangalore"
  },
  "576": {
    "winner": "Sunrisers Hyderabad",
    "player_of_match": "BCJ Cutting",
    "city": "Bangalore",
    "team1": "Sunrisers Hyderabad",
    "team2": "Royal Challengers Bangalore"
  }
}