<?xml version="1.0" encoding="UTF-8"?>
<Configuration status="debug" name="logger" packages="">
    <Appenders>
        <Console name="stdout" target="SYSTEM_OUT">
            <PatternLayout pattern="%d{yyyy-MM-dd HH:mm:ss} %p %m%n"/>
        </Console>
        <File name="fout" fileName="logger.log" append="true">
        <PatternLayout>
            <Pattern>%d{yyyy-MM-dd HH:mm:ss} %-5p %m%nw</Pattern>
        </PatternLayout>
        <timeBasedFileNamingAndTriggeringPolicy
				class="ch.qos.logback.core.rolling.SizeAndTimeBasedFNATP">
				<maxFileSize>10MB</maxFileSize>
			</timeBasedFileNamingAndTriggeringPolicy>
    </File>
    </Appenders>
    <Loggers>
	    <Root level="INFO">
	    	<AppenderRef ref="stdout"/>
	    	<AppenderRef ref="fout"/>
		</Root>
	</Loggers>
</Configuration>