<?xml version="1.0" encoding="utf-8"?>
<!DOCTYPE hibernate-configuration SYSTEM "http://www.hibernate.org/dtd/hibernate-configuration-3.0.dtd">

<!-- This file contains the hibernate properties along with it's values. 
	We require the following for hibernate configuration: Dialect,driver class,username,password,database 
	URL, mapping classes 
-->

<hibernate-configuration>
	<session-factory>
		<property name="hibernate.dialect">org.hibernate.dialect.MySQL5Dialect</property>
		<property name="hibernate.connection.driver_class">com.mysql.jdbc.Driver</property>
		<property name="hibernate.connection.username">root</property>
		<property name="hibernate.connection.password">root</property>
		<property name="hibernate.hbm2ddl.auto">update</property>
		<property name="hibernate.connection.url">jdbc:mysql://localhost:3306/activitystream_step1</property>
		<property name="show_sql">true</property>
		<property name="format_sql">false</property>
		<mapping class="com.stackroute.activitystream.model.Message" />
	</session-factory>
</hibernate-configuration>